{"stats":{"minecraft:mined":{"minecraft:birch_log":5,"minecraft:birch_leaves":1,"minecraft:grass_block":1,"minecraft:oak_log":18,"minecraft:oak_leaves":6},"minecraft:picked_up":{"minecraft:birch_log":5,"minecraft:stick":2,"minecraft:oak_log":18,"minecraft:redstone":21,"minecraft:dirt":1,"minecraft:lever":1,"minecraft:oak_sapling":5,"minecraft:egg":1},"minecraft:crafted":{"minecraft:oak_planks":8},"minecraft:custom":{"minecraft:time_since_rest":10734,"minecraft:sprint_one_cm":77173,"minecraft:damage_taken":1260,"minecraft:walk_one_cm":102100,"minecraft:swim_one_cm":1722,"minecraft:fly_one_cm":251293,"minecraft:crouch_one_cm":4172,"minecraft:play_time":86700,"minecraft:deaths":4,"minecraft:walk_under_water_one_cm":628,"minecraft:sneak_time":2947,"minecraft:jump":505,"minecraft:leave_game":2,"minecraft:walk_on_water_one_cm":2092,"minecraft:time_since_death":10710,"minecraft:total_world_time":104939,"minecraft:fall_one_cm":19075},"minecraft:used":{"minecraft:redstone_torch":1,"minecraft:oak_log":6,"minecraft:sticky_piston":23,"minecraft:lever":7,"minecraft:command_block":15,"minecraft:grass_block":2,"minecraft:redstone":88,"minecraft:oak_planks":8,"minecraft:oak_sign":1,"minecraft:blue_wool":44,"minecraft:repeater":89,"minecraft:dirt":1,"minecraft:sand":1,"minecraft:comparator":6,"minecraft:blue_stained_glass":426,"minecraft:chain_command_block":6,"minecraft:egg":1,"minecraft:obsidian":628}},"DataVersion":3578}